subID,eff_avg,point_avg,num_failures,solution_index
AB04KO,1.8094557868601986,66.2024855,4,0.5
JE02DE,1.7208130782616073,49.89751971999998,6,0.4
